user_id,used_before,age_group,gender,time,freq_use,style,color,mbti
1,Yes,40s,M,morning,rarely,street,blue,
2,Yes,20s,F,anytime,daily,"casual,minimal , simple","pink , coral",ISFJ
3,Yes,50s,F,morning,rarely,"casual,sports","beige , brown",INTP
4,Yes,20s,F,morning,weekly,"street,modern , chic","pink , coral",ESTP
5,Yes,40s,M,evening,weekly,"minimal , simple","beige , brown",ESTJ
6,Yes,20s,M,afternoon,rarely,casual,black,INTJ
7,Yes,30s,F,anytime,daily,"casual,minimal , simple,romantic , lovely",purple,ISFJ
8,Yes,30s,F,anytime,rarely,"casual,romantic , lovely,freestyle","pink , coral",ISTJ
9,Yes,50s,F,morning,daily,"classic , suit",red,INTP
10,Yes,50s,F,anytime,daily,casual,"yellow , orange",ENTP
11,Yes,50s,M,morning,rarely,"casual,classic , suit",black,
12,No,40s,F,,none,"casual,street",purple,INTJ
13,Yes,30s,M,anytime,weekly,"casual,minimal , simple",black,
14,Yes,20s,M,afternoon,weekly,casual,blue,INFP
15,Yes,20s,F,morning,seasonal,"casual,minimal , simple,romantic , lovely",blue,ISTJ
16,No,20s,M,anytime,none,"minimal , simple,classic , suit",black,ISTJ
17,Yes,50s,F,afternoon,rarely,"casual,minimal , simple",black,INTJ
18,Yes,40s,F,afternoon,weekly,"minimal , simple,romantic , lovely,modern , chic",purple,ENFP
19,Yes,30s,F,anytime,weekly,"casual,minimal , simple",white,ISTJ
20,Yes,40s,F,afternoon,rarely,casual,black,
21,Yes,20s,F,morning,weekly,freestyle,black,INFP
22,Yes,30s,F,anytime,rarely,"minimal , simple,classic , suit","beige , brown",INFP
23,Yes,50s,M,anytime,daily,casual,"beige , brown",ENTJ
24,Yes,40s,M,morning,weekly,"casual,classic , suit,modern , chic,freestyle",black,INFJ
25,Yes,50s,M,morning,weekly,freestyle,black,
26,Yes,50s,M,morning,daily,casual,red,
27,Yes,30s,F,anytime,rarely,"minimal , simple","yellow , orange",
28,Yes,40s,M,morning,daily,"classic , suit","beige , brown",ENTJ
29,Yes,30s,M,anytime,rarely,"casual,freestyle",black,ISFP
30,Yes,30s,M,afternoon,weekly,"classic , suit",purple,
31,Yes,40s,M,morning,weekly,casual,"beige , brown",
32,Yes,50s,F,morning,daily,"casual,minimal , simple",black,ISFP
33,Yes,40s,M,morning,daily,"modern , chic",black,INTJ
34,Yes,30s,F,anytime,daily,"casual,freestyle","green , mint",ISFJ
35,Yes,30s,M,morning,weekly,"casual,minimal , simple","beige , brown",INFJ
36,Yes,20s,F,afternoon,rarely,casual,black,ISTJ
37,Yes,20s,M,morning,rarely,"casual,classic , suit,freestyle",black,ISFP
38,Yes,50s,M,morning,weekly,"minimal , simple,sports",purple,INTJ
39,Yes,40s,M,,none,casual,black,
40,Yes,20s,F,morning,rarely,street,"pink , coral",ISTP
41,Yes,30s,F,,daily,"casual,romantic , lovely",black,INFJ
42,Yes,30s,F,morning,daily,"casual,minimal , simple,romantic , lovely,modern , chic",white,ISTJ
43,Yes,30s,M,morning,weekly,casual,black,ISTJ
44,Yes,40s,M,morning,daily,casual,black,ENTJ
45,Yes,50s,M,anytime,rarely,casual,grey,
46,Yes,30s,M,morning,daily,"casual,modern , chic",black,ESTJ
47,Yes,30s,F,morning,weekly,casual,black,ISTJ
48,Yes,30s,M,anytime,rarely,"casual,minimal , simple","green , mint",ISFJ
49,Yes,50s,F,,none,casual,"beige , brown",INFP
50,Yes,20s,F,morning,rarely,"minimal , simple",white,ISTP
51,Yes,20s,F,evening,rarely,"casual,romantic , lovely","beige , brown",ISTP
52,Yes,20s,F,anytime,seasonal,"classic , suit,modern , chic,freestyle",black,ISTP
53,Yes,30s,M,morning,daily,"casual,classic , suit","beige , brown",INFJ
54,Yes,40s,M,morning,weekly,casual,black,
55,Yes,30s,F,,none,freestyle,black,INFP
56,Yes,40s,M,morning,weekly,"casual,minimal , simple",black,INFJ
57,Yes,40s,M,morning,daily,street,"beige , brown",ISTJ
58,Yes,30s,F,morning,weekly,"minimal , simple,street",black,INTJ
59,Yes,40s,M,morning,daily,"classic , suit","beige , brown",INFJ
60,Yes,40s,M,morning,rarely,casual,"yellow , orange",INFJ
61,Yes,30s,N,,none ,freestyle,"pink , coral",INFP
62,Yes,50s,F,morning,daily,freestyle,black,ISTP
63,Yes,30s,F,morning,weekly,casual,white,ISTP
64,Yes,30s,F,morning,daily,"modern , chic",black,ENFP
65,Yes,30s,F,morning,daily,"casual,minimal , simple,vintage,freestyle",black,INFP
66,Yes,30s,F,morning,weekly,"casual,modern , chic",purple,INFJ
67,Yes,40s,F,morning,weekly,street,"yellow , orange",INFJ
68,Yes,30s,M,morning,daily,"casual,vintage","green , mint",INFJ
69,Yes,30s,F,morning,daily,"minimal , simple,modern , chic",black,ESFJ
70,Yes,30s,M,afternoon,weekly,"classic , suit","beige , brown",ISFJ
71,Yes,30s,F,afternoon,weekly,"casual,sports,freestyle",black,ENFJ
72,Yes,20s,F,afternoon,rarely,"casual,minimal , simple",black,INFJ
73,Yes,30s,M,,none ,freestyle,black,ISTJ
74,Yes,20s,M,anytime,rarely,"casual,freestyle",black,INTP
75,Yes,30s,F,anytime,daily,"minimal , simple","yellow , orange",ISTP
76,Yes,30s,M,evening,rarely,"casual,minimal , simple",black,ISTJ
77,No,10대,M,,none ,freestyle,black,INFP
78,Yes,20s,F,morning,daily,casual,white,INFJ
79,Yes,20s,N,afternoon,rarely,"casual,minimal , simple",black,
80,Yes,20s,M,morning,weekly,"casual,street",blue,ISFJ
81,Yes,30s,F,morning,daily,casual,"beige , brown",INFJ
82,Yes,30s,F,morning,weekly,"classic , suit,romantic , lovely",white,INTJ
83,Yes,20s,N,evening,rarely,freestyle,white,ENTJ
84,Yes,20s,F,morning,daily,casual,black,ISTP
85,Yes,30s,F,morning,rarely,"casual,minimal , simple","beige , brown",INTJ
86,Yes,30s,M,morning,rarely,street,"beige , brown",INTJ
87,Yes,30s,F,morning,rarely,freestyle,"yellow , orange",ESFP
88,Yes,50s,M,morning,rarely,"casual,freestyle",black,
89,Yes,30s,F,morning,rarely,"classic , suit","pink , coral",ISFJ
90,Yes,20s,F,anytime,daily,"casual,romantic , lovely",white,ISTP
91,Yes,20s,N,anytime,rarely,"minimal , simple,classic , suit,romantic , lovely,freestyle","beige , brown",ISFP
92,Yes,20s,M,morning,weekly,"classic , suit,modern , chic","beige , brown",INTJ
93,Yes,40s,M,morning,rarely,freestyle,"beige , brown",
94,Yes,30s,F,evening,rarely,"casual,minimal , simple",black,INTP
95,Yes,30s,M,morning,weekly,casual,"beige , brown",ISTP
96,Yes,20s,F,morning,weekly,"casual,romantic , lovely,modern , chic",black,ESFJ
97,Yes,30s,M,morning,rarely,"casual,minimal , simple,classic , suit",black,ESTP
98,Yes,20s,F,morning,daily,casual,blue,ISFP
99,Yes,20s,F,morning,weekly,"minimal , simple,modern , chic",purple,INTJ
100,Yes,40s,F,anytime,seasonal,freestyle,"beige , brown",
101,Yes,30s,F,anytime,seasonal,"casual,classic , suit,vintage,freestyle",black,ESTP
102,Yes,20s,F,morning,rarely,"casual,minimal , simple,street,romantic , lovely","green , mint",ENFP
103,Yes,20s,F,anytime,rarely,"casual,romantic , lovely","beige , brown",ESFJ
104,Yes,10대,F,anytime,rarely,casual,black,INTP
105,Yes,40s,M,anytime,none ,casual,"beige , brown",ISFJ
106,Yes,40s,F,anytime,rarely,casual,black,
107,Yes,20s,F,evening,rarely,"casual,minimal , simple,freestyle",white,ISTP
108,Yes,40s,F,anytime,weekly,casual,black,INTP
109,Yes,20s,F,anytime,rarely,"minimal , simple,classic , suit",black,
110,Yes,20s,F,anytime,weekly,"romantic , lovely,freestyle",white,ISFP
111,Yes,50s,M,afternoon,weekly,"casual,minimal , simple,freestyle",black,INFJ
112,Yes,20s,F,anytime,weekly,"street,romantic , lovely,freestyle",black,ISTP
113,Yes,40s,M,morning,weekly,"casual,classic , suit",blue,INTJ
114,Yes,40s,M,morning,weekly,"minimal , simple,vintage","green , mint",
115,Yes,30s,F,morning,daily,"casual,street,vintage,sports,freestyle",black,INTJ
116,Yes,20s,F,afternoon,rarely,"casual,minimal , simple","green , mint",ISFP
117,Yes,30s,F,anytime,seasonal,"minimal , simple,sports",black,ENTJ
118,No,20s,M,,none ,casual,black,ISTP
119,Yes,50s,M,morning,rarely,"minimal , simple","beige , brown",
120,Yes,40s,F,morning,rarely,casual,"beige , brown",ISFP
121,Yes,30s,M,morning,weekly,"casual,minimal , simple","green , mint",INFJ
122,Yes,10대,F,morning,rarely,freestyle,"beige , brown",INTJ
123,Yes,10대,F,afternoon,rarely,"casual,modern , chic",black,ISTP
124,Yes,30s,F,morning,weekly,"casual,minimal , simple,classic , suit,romantic , lovely,modern , chic,freestyle",white,ENTJ
125,Yes,20s,F,anytime,rarely,"casual,modern , chic",white,INFP
126,Yes,30s,F,afternoon,weekly,casual,purple,ISTP
127,Yes,40s,M,morning,daily,"minimal , simple",white,ESTJ
128,Yes,20s,F,anytime,rarely,"casual,minimal , simple,vintage,modern , chic",black,INFP
129,Yes,20s,M,anytime,daily,"casual,minimal , simple,classic , suit,modern , chic,freestyle",black,ENFP
130,Yes,30s,F,,none ,"casual,modern , chic,freestyle","green , mint",INFJ
131,Yes,50s,M,anytime,rarely,"casual,minimal , simple,vintage,sports,freestyle","beige , brown",INTJ
132,Yes,30s,F,afternoon,weekly,"casual,minimal , simple",purple,ISFP
133,Yes,40s,F,anytime,weekly,"casual,vintage,freestyle",black,ISFP
134,Yes,30s,F,anytime,daily,"casual,minimal , simple,classic , suit,modern , chic,freestyle",white,INTP
135,Yes,50s,M,afternoon,rarely,casual,"beige , brown",
136,Yes,30s,F,morning,weekly,"romantic , lovely,vintage","beige , brown",ENFP
137,Yes,30s,M,,none ,"casual,minimal , simple,classic , suit,freestyle",black,INTJ
138,Yes,30s,F,anytime,rarely,freestyle,white,ISFP
139,Yes,30s,F,morning,daily,casual,blue,ESTJ
140,Yes,20s,F,afternoon,rarely,"casual,minimal , simple,modern , chic",white,ISFJ
141,Yes,20s,F,anytime,rarely,"casual,romantic , lovely",purple,ESTJ
142,Yes,20s,M,morning,weekly,"casual,minimal , simple",white,ISFJ
143,Yes,50s,M,morning,daily,"casual,sports",black,INFJ
144,Yes,20s,F,anytime,rarely,"casual,minimal , simple",black,INFP
145,Yes,20s,M,afternoon,rarely,casual,"white,green , mint",INFP
146,Yes,30s,F,morning,weekly,"minimal , simple,romantic , lovely","white,beige , brown,purple",ENFJ
147,Yes,40s,F,anytime,daily,"casual,street,romantic , lovely,freestyle",white,ESTJ
148,Yes,20s,F,anytime,rarely,"casual,street",black,ISTP
149,Yes,30s,F,morning,weekly,"casual,classic , suit","white,black,beige , brown",INFP
150,Yes,40s,M,anytime,weekly,casual,white,
151,Yes,30s,M,evening,weekly,"minimal , simple,classic , suit","black,blue,purple",ENFP
152,Yes,50s,F,anytime,rarely,"minimal , simple,modern , chic,freestyle","white,black,beige , brown",ISTP
153,Yes,30s,F,morning,daily,casual,"pink , coral,yellow , orange",INTJ
154,Yes,30s,M,evening,rarely,casual,"white,black,blue",ISTP
155,Yes,20s,F,morning,rarely,"casual,minimal , simple","beige , brown,blue,pink , coral",INFJ
156,Yes,20s,F,anytime,rarely,"minimal , simple,modern , chic","black,beige , brown",INFJ
157,No,50s,M,,none ,casual,black,
158,Yes,40s,F,morning,rarely,"casual,classic , suit,freestyle","beige , brown,pink , coral,yellow , orange",
159,Yes,30s,M,anytime,daily,"casual,minimal , simple","beige , brown",
160,No,10대,M,,none ,casual,black,INTJ
161,Yes,40s,M,afternoon,rarely,casual,"beige , brown",ENTP
162,Yes,10대,F,anytime,rarely,freestyle,"black,red",ISTP
163,Yes,50s,M,morning,weekly,"classic , suit","beige , brown",
164,Yes,40s,M,anytime,weekly,"minimal , simple,classic , suit","black,green , mint",ENFP
165,Yes,30s,F,morning,daily,freestyle,"white,black,beige , brown,red,yellow , orange",ESFJ
166,Yes,40s,M,anytime,rarely,casual,"white,black",
167,Yes,40s,F,morning,rarely,casual,white,INFJ
168,Yes,30s,M,anytime,rarely,casual,"white,black",ISFP
169,Yes,30s,F,morning,daily,"casual,sports,freestyle","white,black",ISFJ
170,Yes,30s,F,anytime,rarely,"casual,minimal , simple,romantic , lovely","black,beige , brown,pink , coral,purple,yellow , orange",INFJ
171,Yes,30s,F,morning,weekly,"casual,minimal , simple,modern , chic","black,blue",INTP
172,Yes,30s,M,morning,daily,"casual,minimal , simple,classic , suit","white,black,beige , brown,blue",ESTJ
173,Yes,40s,F,,none ,casual,"black,beige , brown",ISTJ
174,Yes,30s,F,anytime,rarely,"casual,romantic , lovely","beige , brown,pink , coral,yellow , orange",INFP
175,Yes,50s,F,morning,rarely,casual,"white,pink , coral",
176,Yes,20s,F,afternoon,rarely,"casual,minimal , simple","white,black,beige , brown",ISFJ
177,Yes,20s,F,anytime,daily,"minimal , simple,street","white,black,beige , brown",ISFJ
178,Yes,20s,N,anytime,daily,vintage,blue,ISTP
179,Yes,20s,M,morning,weekly,"modern , chic","black,beige , brown",
180,Yes,40s,M,afternoon,rarely,"minimal , simple,classic , suit","white,black",INTJ
181,Yes,30s,M,morning,weekly,"minimal , simple","white,blue",
182,Yes,20s,F,anytime,rarely,casual,"white,black,beige , brown",INTJ
183,Yes,30s,M,morning,rarely,casual,"white,black",ISTP
184,Yes,30s,M,morning,daily,"classic , suit,modern , chic","beige , brown,blue",ENFP
185,Yes,20s,F,anytime,daily,freestyle,"white,black,beige , brown,blue",
186,Yes,20s,M,anytime,seasonal,"minimal , simple",white,ESTJ
187,Yes,30s,F,afternoon,rarely,casual,blue,INFJ
188,Yes,20s,F,morning,weekly,"casual,romantic , lovely","white,beige , brown,pink , coral,green , mint",INFP
189,Yes,50s,M,anytime,rarely,"romantic , lovely",black,
190,Yes,40s,M,morning,rarely,casual,"beige , brown",INFJ
191,Yes,20s,M,evening,weekly,"casual,modern , chic","black,blue,purple",INFP
192,Yes,30s,M,,none ,"casual,minimal , simple,freestyle","beige , brown",
193,Yes,40s,F,morning,weekly,"casual,minimal , simple,sports,freestyle","white,black,beige , brown",ISTJ
194,Yes,30s,M,morning,daily,"modern , chic","beige , brown",ESTJ
195,Yes,40s,F,morning,seasonal,casual,"black,beige , brown",INFP
196,Yes,30s,M,evening,rarely,casual,black,ISFP
197,Yes,20s,F,morning,weekly,"casual,minimal , simple,vintage","black,blue,green , mint",INFP
198,Yes,20s,F,anytime,weekly,"casual,minimal , simple,romantic , lovely,modern , chic,freestyle","black,beige , brown,blue,pink , coral,purple,yellow , orange",INFJ
199,Yes,40s,F,morning,rarely,casual,"black,beige , brown,blue",
200,Yes,30s,M,morning,weekly,"casual,street,vintage","black,blue,pink , coral,green , mint,purple",INTP
201,Yes,30s,M,anytime,daily,"casual,street,modern , chic",black,ENTJ
202,Yes,30s,F,morning,weekly,"romantic , lovely","pink , coral",ISFP
203,Yes,10대,M,morning,rarely,casual,"white,black",ISTP
204,Yes,40s,F,morning,weekly,casual,"white,black",
205,Yes,40s,M,morning,weekly,"casual,classic , suit,freestyle","white,black,beige , brown,blue",ISTJ
206,Yes,30s,M,anytime,rarely,casual,"black,blue,yellow , orange",
207,Yes,20s,M,anytime,rarely,"casual,classic , suit","white,black",INTJ
208,Yes,50s,M,morning,daily,"casual,freestyle","black,blue",
209,Yes,50s,F,anytime,weekly,"minimal , simple,modern , chic","white,beige , brown,blue,red",ESFP
210,Yes,30s,F,afternoon,rarely,"minimal , simple",blue,INTJ
211,Yes,50s,F,morning,weekly,"casual,minimal , simple,modern , chic","white,black,beige , brown,blue,pink , coral,green , mint",ISFJ
212,Yes,30s,F,morning,daily,"minimal , simple","beige , brown",
213,Yes,50s,M,anytime,daily,"classic , suit","black,blue",
214,Yes,20s,F,,none,"casual,freestyle","white,beige , brown,blue,pink , coral",ISFP
215,Yes,30s,M,morning,daily,"minimal , simple",white,ISFP
216,Yes,20s,F,,none ,"casual,street,sports","black,beige , brown,yellow , orange",INTP
217,Yes,40s,F,morning,daily,"romantic , lovely,vintage","beige , brown,green , mint",
218,Yes,20s,F,anytime,rarely,vintage,"black,blue",INTP
219,Yes,30s,M,afternoon,rarely,casual,black,
220,Yes,40s,F,,none ,"casual,minimal , simple,freestyle","white,black,beige , brown,green , mint,yellow , orange",
221,Yes,30s,F,morning,daily,"minimal , simple","white,beige , brown",INTP
222,Yes,20s,F,morning,daily,"casual,minimal , simple","white,black,beige , brown",ISTP
223,Yes,30s,M,afternoon,rarely,casual,white,ENFP
224,Yes,50s,M,morning,daily,casual,"white,beige , brown",
225,Yes,20s,F,afternoon,weekly,freestyle,"white,black,blue,pink , coral",ISFP
226,Yes,20s,F,morning,rarely,"casual,minimal , simple","white,black,beige , brown",INTP
227,Yes,40s,M,afternoon,rarely,casual,"yellow , orange",
228,Yes,30s,M,morning,daily,"casual,minimal , simple,sports,modern , chic","yellow , orange",ESTP
229,Yes,50s,M,morning,rarely,casual,"beige , brown",
230,Yes,10대,F,morning,rarely,casual,"white,black,blue,yellow , orange",ISTP
231,Yes,30s,F,anytime,daily,"casual,minimal , simple","white,black,pink , coral",ESTP
232,Yes,30s,N,morning,rarely,"casual,freestyle","white,black,beige , brown",
233,Yes,40s,M,anytime,rarely,casual,"white,black,beige , brown",INTP
234,Yes,20s,M,morning,rarely,"casual,minimal , simple,classic , suit","white,black,beige , brown,green , mint",ESTJ
235,Yes,40s,M,morning,daily,"classic , suit","black,beige , brown",INTJ
236,Yes,20s,M,afternoon,rarely,casual,"white,black",INFP
237,Yes,10대,F,anytime,rarely,"casual,minimal , simple,romantic , lovely,vintage","white,black,beige , brown,blue",ISTP
238,Yes,20s,F,anytime,rarely,"casual,minimal , simple,romantic , lovely,freestyle","white,pink , coral,green , mint,yellow , orange",INFP
239,Yes,40s,F,morning,rarely,"romantic , lovely","pink , coral",
240,Yes,40s,F,morning,rarely,casual,"black,pink , coral",INFP
241,Yes,20s,M,morning,seasonal,"casual,vintage","white,black,beige , brown",INFP
242,Yes,40s,F,morning,daily,"minimal , simple,modern , chic","beige , brown",
243,Yes,30s,M,anytime,weekly,casual,red,INFJ
244,No,20s,F,anytime,none ,"casual,minimal , simple,street,vintage,sports,freestyle","white,black,beige , brown,blue,purple",ISFP
245,Yes,40s,M,morning,weekly,"casual,street","white,black,beige , brown",INFJ
246,Yes,30s,M,morning,daily,"casual,classic , suit","black,beige , brown",
247,Yes,30s,M,morning,daily,"classic , suit","blue,green , mint",ESTJ
248,Yes,20s,F,anytime,weekly,casual,"blue,purple,yellow , orange",
249,Yes,20s,F,morning,rarely,"casual,minimal , simple","white,black,beige , brown,blue,yellow , orange",ISTJ
250,Yes,30s,F,anytime,weekly,"casual,minimal , simple","white,black,beige , brown,blue",ISFJ
251,Yes,50s,F,anytime,weekly,"casual,freestyle","blue,green , mint,yellow , orange",
252,Yes,20s,F,,none ,"casual,minimal , simple,classic , suit,modern , chic,freestyle","white,black,beige , brown",ESTJ
253,Yes,50s,M,morning,rarely,"casual,freestyle","white,beige , brown,green , mint",ENFJ
254,Yes,20s,F,anytime,weekly,casual,"green , mint",
255,Yes,40s,F,morning,weekly,"modern , chic","white,black,purple",ISFJ
256,Yes,40s,M,morning,weekly,street,blue,ISTJ
257,Yes,30s,M,evening,rarely,"casual,minimal , simple","white,black,beige , brown,blue,green , mint",
258,Yes,30s,M,morning,weekly,"minimal , simple,modern , chic","white,black,beige , brown,blue",
259,Yes,30s,M,anytime,rarely,casual,black,
260,Yes,50s,M,anytime,rarely,"minimal , simple,classic , suit,modern , chic",black,INFJ
261,Yes,40s,F,morning,daily,"casual,minimal , simple,classic , suit,romantic , lovely","white,black",
262,No,20s,M,afternoon,daily,street,white,
263,Yes,30s,M,morning,weekly,"minimal , simple,street","black,blue,green , mint,purple",
264,Yes,50s,F,afternoon,daily,"modern , chic","white,beige , brown",
265,Yes,40s,M,anytime,rarely,"casual,minimal , simple,freestyle","white,black,green , mint",
266,Yes,30s,F,morning,weekly,"casual,minimal , simple,modern , chic","white,black,beige , brown,yellow , orange",INFJ
267,Yes,30s,M,morning,rarely,"casual,vintage","white,black",ESTP
268,Yes,40s,M,afternoon,rarely,freestyle,"black,blue",
269,Yes,20s,F,morning,rarely,"casual,minimal , simple,romantic , lovely","white,beige , brown,purple",ISFP
270,Yes,30s,F,morning,daily,"casual,minimal , simple","white,black,green , mint",ESTJ
271,Yes,20s,F,morning,weekly,"casual,minimal , simple,freestyle",black,ISFJ
272,Yes,40s,F,afternoon,rarely,"casual,minimal , simple","white,beige , brown,pink , coral",
273,Yes,20s,F,morning,weekly,"casual,minimal , simple","black,pink , coral",ISTJ
274,Yes,40s,F,evening,rarely,"minimal , simple","beige , brown,green , mint",ENTP
275,Yes,20s,F,anytime,weekly,"casual,minimal , simple","white,black,beige , brown,blue",
276,Yes,30s,F,anytime,weekly,"casual,romantic , lovely",white,ISTP
277,Yes,20s,M,morning,rarely,casual,"white,black,blue,yellow , orange",INTJ
278,Yes,30s,F,morning,daily,"casual,romantic , lovely,freestyle","beige , brown,blue,pink , coral",ISFP
279,Yes,30s,F,anytime,daily,"street,freestyle","white,beige , brown",ISTJ
280,Yes,30s,M,morning,rarely,"casual,freestyle","white,black,beige , brown",INFJ
281,Yes,30s,F,anytime,daily,"modern , chic,freestyle","black,blue",INFJ
282,Yes,10대,M,anytime,rarely,"casual,modern , chic","white,black",
283,Yes,40s,M,morning,rarely,casual,blue,INFP
284,Yes,30s,F,morning,weekly,"minimal , simple,freestyle","white,beige , brown",INFP
285,Yes,40s,M,morning,weekly,casual,black,ISTJ
286,Yes,50s,M,morning,rarely,casual,"beige , brown",
287,Yes,30s,M,anytime,daily,"minimal , simple,classic , suit,modern , chic","white,black,blue,pink , coral",ISTJ
288,Yes,30s,F,morning,weekly,casual,white,ESFJ
289,Yes,40s,F,morning,weekly,"modern , chic","beige , brown",INFJ
290,No,30s,M,,none ,"casual,minimal , simple","white,black,beige , brown,green , mint",INTJ
291,Yes,40s,M,morning,weekly,casual,"beige , brown",
292,Yes,30s,M,morning,rarely,"casual,classic , suit","black,beige , brown,blue,purple",ISTJ
293,Yes,20s,F,morning,daily,"casual,freestyle","black,blue,pink , coral,purple,yellow , orange",ISTP
294,Yes,50s,F,anytime,rarely,"casual,freestyle","white,pink , coral,red",
295,Yes,20s,F,anytime,weekly,"casual,minimal , simple,street,modern , chic,freestyle","white,black,pink , coral",ISFP
296,Yes,40s,M,anytime,rarely,freestyle,blue,ISTP
297,Yes,30s,F,morning,weekly,casual,blue,ENFJ
298,Yes,50s,F,afternoon,rarely,"classic , suit","white,black,pink , coral,green , mint",ENTJ
299,Yes,40s,M,morning,rarely,casual,"white,black,beige , brown",ENFJ
300,Yes,50s,M,afternoon,rarely,"minimal , simple","white,green , mint",
301,Yes,40s,F,evening,rarely,casual,"beige , brown,green , mint",INTJ
302,Yes,20s,F,anytime,weekly,casual,"white,black,blue",INTJ
303,Yes,20s,F,morning,weekly,"casual,minimal , simple,street,classic , suit,modern , chic","white,black,beige , brown",ISTP
304,Yes,30s,M,morning,rarely,freestyle,black,
305,Yes,30s,M,morning,rarely,"casual,classic , suit","white,black,beige , brown",ESFJ
306,Yes,40s,M,morning,rarely,"minimal , simple","beige , brown,pink , coral,red,yellow , orange",ISFJ
307,Yes,30s,F,morning,rarely,casual,"white,black",ISFJ
308,Yes,30s,M,morning,rarely,"casual,minimal , simple","black,blue",ESFJ
309,Yes,30s,F,afternoon,rarely,casual,"white,black",ESTJ
310,Yes,30s,F,morning,rarely,casual,"white,black,beige , brown",ISFP
311,Yes,30s,M,morning,weekly,"casual,street,classic , suit","white,black,beige , brown,blue",INFP
312,Yes,40s,F,morning,daily,"casual,minimal , simple,classic , suit,modern , chic,freestyle","white,black,beige , brown",INTP
313,Yes,40s,M,morning,seasonal,"minimal , simple",black,
314,Yes,40s,F,anytime,daily,"minimal , simple,classic , suit,modern , chic","white,black",INFP
315,Yes,20s,F,morning,rarely,"casual,minimal , simple,street,vintage,sports","white,black,beige , brown,blue,pink , coral,yellow , orange",ISFJ
316,Yes,20s,F,morning,weekly,"casual,street","white,black,blue,green , mint",ISTJ
317,Yes,30s,F,morning,weekly,"minimal , simple","white,blue",ISFP
318,Yes,10대,F,morning,weekly,"casual,modern , chic",black,ISFP
319,Yes,20s,F,anytime,rarely,"casual,minimal , simple,romantic , lovely","beige , brown",ISFJ
320,Yes,20s,F,morning,weekly,"casual,street,vintage","black,green , mint,purple",ESTP
321,Yes,50s,M,afternoon,weekly,"casual,sports,freestyle","white,black,blue",
322,No,10대,M,,none ,freestyle,"white,black,beige , brown",
323,Yes,20s,M,morning,rarely,street,"white,black,beige , brown,blue",INTJ
324,Yes,40s,M,anytime,weekly,casual,"white,black,pink , coral,red",ENFJ
325,Yes,40s,F,anytime,daily,"romantic , lovely,modern , chic","white,beige , brown",INFJ
326,Yes,30s,M,morning,rarely,"minimal , simple,romantic , lovely","white,pink , coral",
327,Yes,20s,F,morning,rarely,"classic , suit",black,ISTP
328,Yes,20s,F,morning,rarely,"romantic , lovely","white,pink , coral",ISTP
329,Yes,30s,M,,rarely,street,"white,black",ISFJ
330,Yes,30s,F,afternoon,rarely,casual,"white,beige , brown",
331,Yes,20s,F,morning,rarely,casual,"white,black",ISTP
332,Yes,20s,F,morning,daily,"casual,romantic , lovely","pink , coral",INTP
333,Yes,30s,F,afternoon,weekly,"minimal , simple,romantic , lovely","white,beige , brown",INTP
334,Yes,50s,M,morning,weekly,casual,"beige , brown",
335,Yes,30s,F,anytime,rarely,"casual,romantic , lovely,vintage,freestyle","white,pink , coral,purple",INFP
336,Yes,20s,F,morning,daily,"minimal , simple,modern , chic","black,beige , brown",ISFJ
337,Yes,50s,M,anytime,rarely,casual,"white,black,blue",
338,Yes,40s,F,morning,weekly,"casual,romantic , lovely,sports,modern , chic,freestyle","white,black,green , mint",INFJ
339,Yes,20s,F,morning,seasonal,"classic , suit,romantic , lovely,sports","white,black,blue,pink , coral,green , mint,purple",
340,Yes,20s,F,morning,daily,street,black,ISTJ
341,Yes,30s,F,morning,weekly,casual,white,ESTJ
342,Yes,30s,F,anytime,daily,"casual,freestyle","white,black",ISFP
343,Yes,20s,F,anytime,rarely,casual,"white,black,beige , brown",INFJ
344,Yes,40s,M,anytime,daily,"casual,vintage",그레이,ENFJ
345,Yes,50s,F,,none ,"minimal , simple,modern , chic","white,beige , brown,pink , coral",
346,Yes,30s,M,morning,daily,"minimal , simple,street","beige , brown,blue,pink , coral",INFP
347,Yes,50s,M,morning,rarely,"minimal , simple","beige , brown",ISTJ
348,No,20s,M,,none ,"casual,minimal , simple","white,black",ISTJ
349,Yes,20s,F,morning,rarely,casual,white,
350,Yes,40s,F,morning,rarely,"minimal , simple","beige , brown,green , mint",INTP
351,Yes,20s,F,morning,daily,"romantic , lovely",blue,ISTP
352,Yes,50s,M,anytime,daily,"casual,classic , suit,romantic , lovely","white,black,blue,green , mint",
353,Yes,50s,F,morning,weekly,"romantic , lovely","pink , coral",INFP
354,Yes,30s,M,anytime,rarely,"casual,street,freestyle","white,black",ISTJ
355,Yes,30s,F,morning,weekly,"casual,minimal , simple,sports,modern , chic","white,black,beige , brown",INTJ
356,Yes,20s,F,,none ,freestyle,"white,black",INFJ
357,Yes,40s,F,morning,rarely,"casual,minimal , simple","white,pink , coral,purple",
358,Yes,20s,M,anytime,rarely,casual,"black,blue",INFP
359,Yes,30s,F,anytime,weekly,casual,"white,black",INTJ
360,Yes,40s,F,morning,weekly,casual,"white,black,beige , brown,blue,pink , coral,red,green , mint,yellow , orange",ISFJ
361,Yes,20s,F,morning,rarely,street,"beige , brown,green , mint",
362,Yes,40s,M,morning,weekly,"romantic , lovely","white,pink , coral",INFP
363,Yes,30s,F,anytime,daily,"casual,minimal , simple,freestyle",black,ISFJ
364,Yes,30s,M,morning,weekly,"casual,minimal , simple,street,freestyle","white,black,beige , brown,blue,red,purple,yellow , orange",ISTJ
365,Yes,40s,M,morning,rarely,casual,"black,blue",INFJ
366,Yes,10대,M,morning,rarely,casual,white,ENFP
367,Yes,30s,M,morning,weekly,"casual,modern , chic","black,beige , brown",ISTP
368,Yes,30s,F,morning,weekly,casual,black,ISFP
369,Yes,50s,F,morning,weekly,"minimal , simple",black,INFJ
370,Yes,50s,F,morning,daily,"romantic , lovely","white,black",
371,Yes,30s,M,morning,seasonal,casual,black,
372,Yes,30s,F,morning,daily,"casual,minimal , simple,sports,modern , chic","white,beige , brown,pink , coral,green , mint",ISFJ
373,Yes,30s,N,morning,daily,freestyle,"black,beige , brown",
374,Yes,20s,M,anytime,rarely,"minimal , simple","white,black,blue",
375,Yes,30s,F,,none ,"casual,minimal , simple","white,beige , brown,pink , coral,yellow , orange",ESTJ
376,Yes,40s,M,evening,rarely,casual,black,INTJ
377,Yes,20s,N,morning,weekly,"casual,street","white,beige , brown",INTP
378,Yes,30s,F,anytime,daily,"minimal , simple,classic , suit,modern , chic","black,blue",ENFJ
379,Yes,40s,M,morning,daily,"classic , suit","beige , brown",
380,Yes,30s,M,anytime,daily,"casual,sports",white,ENTJ
381,Yes,50s,M,morning,rarely,casual,"beige , brown",
382,Yes,40s,F,morning,weekly,"street,classic , suit","pink , coral",
383,Yes,40s,F,morning,daily,freestyle,"white,black,pink , coral",ISFP
384,Yes,20s,F,morning,daily,"casual,minimal , simple,classic , suit","white,beige , brown",ESFJ
385,Yes,50s,F,evening,seasonal,vintage,blue,ISFJ
386,Yes,50s,M,morning,seasonal,casual,"black,purple",
387,Yes,20s,F,anytime,rarely,freestyle,"yellow , orange",ISFP
388,Yes,40s,F,anytime,daily,"minimal , simple","beige , brown",ISFJ
389,Yes,30s,F,anytime,daily,"casual,modern , chic,freestyle","white,black,beige , brown,green , mint",INFP
390,Yes,30s,M,evening,rarely,"minimal , simple,modern , chic","beige , brown,yellow , orange",
391,Yes,30s,M,morning,weekly,"minimal , simple,modern , chic","white,black",INTJ
392,Yes,40s,M,morning,weekly,casual,"white,beige , brown",
393,Yes,40s,M,morning,weekly,"casual,freestyle","white,black",
394,Yes,40s,M,afternoon,rarely,casual,blue,INTP
395,Yes,30s,F,afternoon,rarely,"casual,classic , suit","beige , brown",ISFP
396,No,20s,M,,none ,casual,"white,black,blue",INTJ
397,Yes,30s,M,anytime,rarely,casual,"black,beige , brown",ISFP
398,Yes,30s,F,anytime,rarely,casual,blue,INTJ
399,Yes,30s,M,morning,rarely,"casual,modern , chic,freestyle","black,beige , brown,purple,yellow , orange",INFP
400,Yes,50s,F,anytime,seasonal,"casual,romantic , lovely,modern , chic,freestyle","beige , brown,pink , coral,green , mint",INTJ
401,Yes,20s,N,morning,weekly,"romantic , lovely","white,beige , brown,blue,pink , coral,green , mint",INFJ
402,Yes,30s,M,morning,daily,"casual,classic , suit","white,black,beige , brown,blue",ENTP
403,Yes,10대,F,morning,weekly,street,red,ISTJ
404,Yes,40s,F,afternoon,rarely,"minimal , simple","black,beige , brown",ISTP
405,Yes,40s,M,,none ,"minimal , simple","black,blue",ISTP
406,Yes,40s,F,anytime,weekly,"casual,romantic , lovely","beige , brown,pink , coral,yellow , orange",ISFP
407,Yes,30s,F,anytime,daily,"minimal , simple","black,beige , brown",INTP
408,Yes,50s,M,morning,daily,"modern , chic","white,black,blue",INTJ
409,Yes,30s,F,morning,daily,casual,"black,blue",ESFJ
410,Yes,20s,F,morning,weekly,"minimal , simple,romantic , lovely","white,black,beige , brown",ISFJ
411,Yes,10대,F,anytime,weekly,"minimal , simple","white,black",ENTJ
412,Yes,40s,M,anytime,rarely,"casual,vintage","black,blue",INFJ
413,Yes,30s,M,anytime,rarely,"casual,street,classic , suit","white,black",INTJ
414,Yes,40s,M,evening,rarely,"casual,minimal , simple,classic , suit,sports","white,black,beige , brown,blue,green , mint",ISFP
415,Yes,30s,F,morning,weekly,freestyle,"white,black,beige , brown,blue,pink , coral,red,yellow , orange",ENFJ
416,Yes,30s,M,morning,rarely,casual,black,ISTP
417,Yes,50s,M,morning,weekly,"classic , suit","beige , brown",ESTJ
418,Yes,30s,F,anytime,rarely,"casual,romantic , lovely","white,black,beige , brown,pink , coral,green , mint",ISFJ
419,Yes,30s,M,anytime,daily,"casual,minimal , simple","white,black,beige , brown",ISTP
420,Yes,30s,F,morning,daily,"casual,romantic , lovely","pink , coral",ENTP
421,Yes,10대,N,morning,seasonal,freestyle,"white,beige , brown,blue",ISFP
422,Yes,30s,M,afternoon,weekly,casual,blue,
423,Yes,20s,F,afternoon,rarely,street,"white,black,beige , brown",
424,Yes,20s,F,afternoon,rarely,casual,"white,pink , coral,green , mint",ISTJ
425,Yes,40s,M,,none ,freestyle,"white,black",INFP
426,Yes,40s,F,morning,daily,"minimal , simple,romantic , lovely,freestyle","pink , coral,red,yellow , orange",ENFP
427,Yes,20s,F,morning,rarely,casual,black,
428,Yes,20s,F,morning,daily,"casual,classic , suit,romantic , lovely",white,INFP
429,Yes,30s,F,evening,weekly,casual,"white,beige , brown,pink , coral",INFP
430,Yes,30s,M,morning,daily,casual,"beige , brown,blue",
431,Yes,30s,M,morning,weekly,"casual,minimal , simple","white,black",ISTJ
432,Yes,30s,M,morning,weekly,casual,"beige , brown",
433,Yes,20s,F,morning,daily,"romantic , lovely,modern , chic","white,green , mint",ENFJ
434,Yes,20s,M,anytime,weekly,"minimal , simple,vintage,modern , chic,freestyle","white,black,beige , brown",ESTP
435,Yes,30s,F,morning,rarely,"minimal , simple,modern , chic","beige , brown,blue,pink , coral",INFP
436,Yes,10대,F,afternoon,weekly,"minimal , simple",black,
437,Yes,50s,M,morning,rarely,casual,"yellow , orange",ENFP
438,Yes,30s,M,morning,daily,"casual,minimal , simple,sports,modern , chic","white,black,beige , brown,blue,green , mint",INTJ
439,Yes,40s,M,anytime,weekly,casual,"white,black",
440,Yes,30s,F,anytime,weekly,"minimal , simple,romantic , lovely","black,beige , brown,pink , coral,purple",ENFJ
441,Yes,20s,F,morning,weekly,casual,white,INTP
442,Yes,10대,F,morning,rarely,"casual,romantic , lovely","white,blue,green , mint",ESFJ
443,Yes,40s,F,anytime,daily,"romantic , lovely","white,pink , coral,green , mint",ENFJ
444,Yes,40s,M,anytime,rarely,"minimal , simple,classic , suit","beige , brown",
445,Yes,30s,M,morning,weekly,"classic , suit","white,black,beige , brown",ENTJ
446,Yes,50s,M,morning,daily,"classic , suit","black,blue",ESFJ
447,Yes,40s,M,anytime,rarely,"casual,minimal , simple","white,black,blue,pink , coral",
448,Yes,30s,M,morning,daily,"classic , suit,freestyle","white,black",ISTJ
449,Yes,40s,M,afternoon,daily,"sports,modern , chic","black,beige , brown",INTJ
450,Yes,30s,M,anytime,weekly,street,black,ENTP
451,Yes,50s,F,afternoon,rarely,"classic , suit,freestyle","white,beige , brown",ENFP
452,Yes,30s,F,morning,weekly,"casual,romantic , lovely,modern , chic","white,pink , coral,yellow , orange",ISFJ
453,Yes,20s,F,afternoon,weekly,casual,"black,beige , brown",INFJ
454,Yes,50s,M,morning,daily,"classic , suit","beige , brown,blue",
455,Yes,40s,F,anytime,daily,"minimal , simple","white,black,beige , brown,blue",ESFJ
456,Yes,10대,F,morning,rarely,casual,"white,beige , brown",ISTP
457,Yes,30s,M,morning,daily,"casual,modern , chic","white,black",ENTJ
458,Yes,20s,F,anytime,rarely,"romantic , lovely,freestyle","white,black,pink , coral",estp
459,Yes,30s,M,morning,daily,casual,white,ISFP
460,Yes,50s,F,anytime,rarely,"modern , chic","white,black",
461,Yes,20s,F,afternoon,rarely,casual,"white,blue,pink , coral",
462,Yes,20s,M,morning,weekly,"casual,street,sports","white,black,beige , brown,blue,red",ISFP
463,Yes,40s,F,morning,rarely,"casual,minimal , simple,street,sports","white,black,beige , brown",INFP
464,Yes,30s,M,morning,weekly,"casual,minimal , simple,classic , suit","white,black,beige , brown",ISTP
465,Yes,10대,F,anytime,seasonal,"modern , chic,freestyle","black,blue",ESFP
466,Yes,50s,M,morning,rarely,casual,"white,black,beige , brown",
467,Yes,40s,M,morning,rarely,casual,"beige , brown",
468,Yes,30s,F,morning,daily,"casual,minimal , simple","white,black",
469,Yes,40s,M,morning,weekly,"casual,minimal , simple","white,black,green , mint",INFJ
470,Yes,50s,M,morning,rarely,"minimal , simple",blue,INTJ
471,Yes,50s,F,morning,daily,"minimal , simple","white,beige , brown,pink , coral,green , mint,yellow , orange",ENFJ
472,Yes,40s,F,anytime,rarely,"casual,minimal , simple,classic , suit,romantic , lovely","white,beige , brown",ISFP
473,Yes,30s,F,morning,weekly,"casual,minimal , simple","white,black,beige , brown,blue,red,green , mint,yellow , orange",ISFP
474,Yes,40s,F,anytime,rarely,casual,white,INFP
475,Yes,20s,M,,rarely,"minimal , simple","white,black",
476,Yes,50s,M,morning,weekly,casual,blue,ISFJ
477,Yes,30s,M,morning,rarely,freestyle,"black,beige , brown",ISTP
478,Yes,20s,F,afternoon,weekly,"minimal , simple,romantic , lovely","black,blue,purple",INFP
479,Yes,40s,M,morning,daily,casual,"white,black",
480,Yes,40s,M,morning,daily,"casual,street,sports","black,purple",INTJ
481,Yes,20s,M,morning,daily,casual,"white,black",ISTJ
482,Yes,40s,M,morning,rarely,"classic , suit","black,beige , brown",
483,Yes,50s,M,afternoon,rarely,sports,"white,black,green , mint",
484,Yes,40s,F,evening,rarely,"casual,romantic , lovely,freestyle","white,black,beige , brown",INTP
485,Yes,20s,M,morning,weekly,"classic , suit,sports","black,beige , brown,blue",ISTP
486,Yes,40s,M,morning,weekly,"casual,minimal , simple","black,beige , brown",
487,Yes,50s,M,anytime,rarely,casual,"black,beige , brown",
488,Yes,30s,F,anytime,rarely,"casual,minimal , simple","white,black,beige , brown,blue,green , mint",ISFJ
489,Yes,30s,M,morning,rarely,"casual,romantic , lovely","beige , brown,pink , coral",ENFP
490,Yes,10대,F,morning,rarely,"casual,street,vintage,freestyle","white,black,beige , brown",ISTP
491,Yes,40s,M,anytime,daily,"casual,street,vintage,sports,freestyle","white,black,blue",INFJ
492,Yes,30s,M,afternoon,rarely,"casual,minimal , simple","black,beige , brown,blue",ISTP
493,Yes,20s,M,anytime,rarely,"casual,minimal , simple,modern , chic","white,black,beige , brown",ISTJ
494,Yes,40s,M,anytime,rarely,casual,purple,ISFJ
495,Yes,20s,N,,none ,casual,"white,black,beige , brown,pink , coral,purple",INFP
496,Yes,50s,M,morning,daily,casual,blue,INFJ
497,Yes,20s,M,anytime,rarely,"casual,minimal , simple,street,vintage,freestyle","white,black,beige , brown",INFP
498,Yes,20s,M,,none ,"modern , chic,freestyle","white,black,beige , brown",INFP
499,Yes,20s,M,,none ,casual,"white,black,beige , brown,blue,red,green , mint,purple,yellow , orange",
500,Yes,20s,F,morning,weekly,"minimal , simple,freestyle","white,black,green , mint,yellow , orange",ISFP
,No,10대,F,,none ,"minimal , simple","white,black,beige , brown",ISFP
,Yes,10대,N,,none ,"casual,minimal , simple,vintage,freestyle","white,black,beige , brown,blue,pink , coral",INTP
,Yes,30s,M,morning,daily,"casual,minimal , simple,modern , chic","white,black,beige , brown",ESFJ
,Yes,20s,F,anytime,rarely,"casual,minimal , simple,street,romantic , lovely","white,black,beige , brown,pink , coral,purple",ISTJ
,Yes,20s,M,morning,seasonal,casual,black,ESFJ
,Yes,30s,F,afternoon,weekly,"casual,minimal , simple,street,freestyle","white,beige , brown,blue,green , mint,yellow , orange",INFP
,Yes,40s,M,morning,rarely,casual,white,
,Yes,20s,F,anytime,rarely,casual,"white,black,beige , brown",ISTJ
,Yes,40s,M,morning,rarely,casual,"black,beige , brown",INFP
,Yes,30s,F,morning,rarely,"minimal , simple","beige , brown",INFJ
,Yes,50s,F,morning,daily,"minimal , simple","beige , brown",
,Yes,10대,F,anytime,rarely,"casual,freestyle","white,black,green , mint",
,Yes,40s,M,morning,weekly,"casual,street,vintage","black,beige , brown",ENFP
,Yes,30s,F,morning,weekly,"minimal , simple,classic , suit","white,black,green , mint",ENTJ
,Yes,40s,M,morning,daily,casual,"beige , brown,pink , coral,yellow , orange",ISFP
,Yes,20s,F,morning,rarely,"minimal , simple,romantic , lovely","white,black,blue",ESTJ
,Yes,40s,M,anytime,weekly,casual,"black,grey",
,Yes,50s,F,anytime,weekly,"casual,street,sports,freestyle","black,green , mint",
,Yes,40s,F,anytime,rarely,"minimal , simple","white,yellow , orange",
,Yes,20s,F,anytime,weekly,"casual,minimal , simple,romantic , lovely,freestyle","white,black,pink , coral,green , mint",INFJ
,Yes,20s,F,morning,daily,"street,classic , suit",blue,
,Yes,20s,F,morning,rarely,casual,black,INTJ
,Yes,50s,M,morning,rarely,casual,"beige , brown",
,Yes,50s,F,morning,rarely,casual,"beige , brown",
,Yes,30s,F,anytime,rarely,"casual,minimal , simple,freestyle","white,black,beige , brown",ISTJ
,Yes,20s,F,evening,rarely,"casual,street,vintage,modern , chic","white,black",ESFJ
,Yes,30s,M,anytime,daily,"classic , suit",white,ISTJ
,Yes,30s,F,anytime,rarely,"street,vintage,freestyle","white,black,red",ISFP
,Yes,40s,F,morning,daily,"casual,minimal , simple,modern , chic,freestyle","white,beige , brown,blue",ISFJ
,Yes,30s,F,afternoon,weekly,casual,white,ISFJ
,Yes,50s,M,morning,daily,casual,"beige , brown,blue",
,Yes,20s,M,,none ,casual,black,ISFP
,Yes,20s,F,afternoon,rarely,"casual,street",black,INFP
,Yes,20s,N,anytime,daily,"casual,freestyle",black,ENTP
,Yes,40s,M,morning,rarely,"classic , suit",black,INFJ
,Yes,30s,M,anytime,rarely,"casual,street","black,blue",ENTJ
,Yes,20s,F,morning,daily,casual,"white,black,beige , brown,red",INTJ
,Yes,50s,M,morning,rarely,"casual,romantic , lovely","blue,yellow , orange",
,Yes,30s,M,anytime,rarely,"casual,minimal , simple","white,black,beige , brown,blue,pink , coral,red,green , mint,purple,yellow , orange,grey",ENFJ
,Yes,30s,M,morning,rarely,casual,"white,beige , brown",ENFJ
,Yes,30s,M,evening,rarely,"minimal , simple","white,black,blue",INFP
,Yes,40s,M,anytime,rarely,"casual,minimal , simple",black,ENTJ
,Yes,40s,F,morning,rarely,"casual,romantic , lovely,freestyle","white,blue,pink , coral,red,green , mint,purple,yellow , orange",
,Yes,20s,F,morning,daily,"casual,minimal , simple,freestyle","white,black,beige , brown",INFJ
,Yes,30s,F,morning,daily,freestyle,"white,purple",INFJ
,Yes,20s,F,morning,weekly,"casual,romantic , lovely,modern , chic,freestyle","white,pink , coral,yellow , orange",ISFJ
,Yes,20s,F,morning,daily,casual,"yellow , orange",ESTJ
,Yes,20s,F,anytime,rarely,"casual,romantic , lovely,freestyle","white,black,beige , brown,pink , coral,red,yellow , orange",INFP
,Yes,50s,M,anytime,weekly,"minimal , simple,classic , suit","beige , brown,green , mint",
,Yes,40s,F,morning,daily,"minimal , simple,modern , chic","beige , brown,blue,purple",ENFJ
,Yes,50s,F,evening,weekly,casual,"white,black",
,Yes,40s,M,morning,weekly,"casual,modern , chic","white,black,blue",ESTP
,Yes,20s,F,morning,daily,casual,"white,black",ISFJ
,Yes,50s,M,morning,daily,casual,"black,blue",
,Yes,40s,F,morning,daily,"casual,minimal , simple,modern , chic,freestyle","black,blue,pink , coral,green , mint",ISFJ
,Yes,50s,M,evening,rarely,casual,"white,black",
,Yes,40s,M,morning,daily,casual,black,ISTP
,Yes,50s,M,morning,weekly,"casual,modern , chic","black,beige , brown",
,Yes,40s,M,morning,rarely,freestyle,"white,beige , brown",ISTJ
,Yes,20s,F,morning,daily,"casual,minimal , simple,classic , suit,romantic , lovely,modern , chic","white,black,beige , brown,pink , coral",ESFP
,Yes,50s,M,morning,weekly,"casual,classic , suit","black,blue",
,Yes,20s,N,anytime,weekly,"minimal , simple,modern , chic","white,black,red,green , mint",
,No,40s,M,,none ,casual,"beige , brown",INTP
,Yes,30s,M,,none ,casual,black,ENTJ
,Yes,20s,F,anytime,rarely,"minimal , simple",blue,INTP
,Yes,40s,M,morning,daily,casual,"black,green , mint",ISFJ
,Yes,40s,M,morning,daily,"casual,minimal , simple","white,green , mint",ISTJ
,Yes,40s,F,anytime,weekly,"minimal , simple","white,black,beige , brown",
,Yes,30s,F,morning,rarely,"minimal , simple","beige , brown,green , mint",ISFP
,Yes,30s,F,anytime,rarely,"casual,minimal , simple,classic , suit","black,green , mint",INTJ
,Yes,20s,F,anytime,daily,"casual,modern , chic","black,그레이",
,Yes,30s,F,morning,weekly,"romantic , lovely,freestyle","pink , coral,green , mint",INTJ
,Yes,10대,M,morning,daily,casual,"blue,pink , coral,green , mint,purple,yellow , orange",INFP
,Yes,30s,M,afternoon,rarely,"casual,minimal , simple","black,purple",INFP
,Yes,20s,F,morning,weekly,"casual,minimal , simple,street,modern , chic","white,black,beige , brown,blue",ISTP
,Yes,30s,M,morning,weekly,"minimal , simple,romantic , lovely","white,black,yellow , orange",ISFJ
,Yes,30s,F,anytime,rarely,"minimal , simple","black,blue",INTJ
,Yes,40s,M,morning,daily,casual,"blue,green , mint",
,Yes,30s,F,morning,weekly,street,"white,black",INFP
,Yes,20s,F,morning,weekly,freestyle,"white,black",ISFJ
,Yes,20s,F,afternoon,weekly,"minimal , simple,modern , chic","white,black",ENTP
,Yes,30s,F,morning,rarely,"casual,romantic , lovely","white,black,beige , brown",ISFP
,Yes,20s,F,morning,rarely,"minimal , simple","white,black,beige , brown,pink , coral",ESFJ
,Yes,30s,F,anytime,daily,"casual,romantic , lovely","black,pink , coral,purple",ENTP
,Yes,30s,F,morning,daily,"casual,minimal , simple,romantic , lovely","white,blue,pink , coral",ISTJ
,Yes,40s,M,morning,rarely,casual,"black,beige , brown",INFP
,Yes,30s,M,morning,weekly,"minimal , simple",black,ISTJ
,Yes,20s,M,afternoon,rarely,"casual,minimal , simple","white,black,blue,yellow , orange",
,Yes,30s,F,morning,weekly,"casual,minimal , simple","white,black,blue,pink , coral",ISFP
,Yes,20s,F,morning,rarely,"minimal , simple",black,ISTJ
,Yes,30s,F,morning,weekly,casual,"white,pink , coral",ENFP
,Yes,30s,F,,rarely,freestyle,"white,black",ISTJ
,No,10대,M,afternoon,rarely,casual,"white,black",ISFP
,Yes,40s,F,morning,daily,casual,"white,black",INTP
,Yes,30s,F,morning,rarely,"casual,classic , suit","white,black,beige , brown",INTJ
,Yes,20s,F,afternoon,rarely,"casual,minimal , simple","white,black,blue,pink , coral,green , mint,purple",INFP
,Yes,20s,F,morning,rarely,casual,"yellow , orange",INFP
,Yes,20s,F,morning,weekly,"casual,minimal , simple,modern , chic","white,black,beige , brown,purple",INFP
,Yes,10대,F,anytime,rarely,"minimal , simple",blue,INFJ
,Yes,30s,M,morning,daily,"casual,modern , chic","black,beige , brown,blue",INFJ
,Yes,20s,M,,none ,"casual,street,vintage,freestyle",black,INTP
,Yes,40s,F,anytime,weekly,"casual,minimal , simple,street,classic , suit,sports,modern , chic,freestyle","black,blue",
,Yes,20s,F,morning,daily,"minimal , simple","white,black,pink , coral",ISFJ
,Yes,20s,F,,none ,casual,"white,beige , brown,pink , coral",ISFP
,Yes,20s,M,afternoon,daily,"minimal , simple","white,black,beige , brown",
,Yes,50s,F,morning,rarely,"casual,romantic , lovely","beige , brown",
,Yes,20s,M,morning,daily,casual,"black,blue,green , mint",ENFJ
,Yes,30s,F,,none ,"street,romantic , lovely",white,
,Yes,30s,M,anytime,daily,"minimal , simple,street","blue,red,purple",ENFJ
,Yes,50s,M,anytime,daily,"casual,sports",black,ISTJ
,Yes,40s,F,morning,daily,"classic , suit",white,ESTJ
,Yes,30s,M,evening,rarely,"casual,vintage","black,blue",
,Yes,10대,M,anytime,rarely,casual,"white,black",INTP
,Yes,20s,M,anytime,rarely,street,"black,red,purple",INFJ
,Yes,20s,F,morning,daily,"casual,classic , suit,romantic , lovely","white,black,beige , brown,pink , coral",ESTJ
,Yes,30s,M,morning,weekly,casual,"black,beige , brown,blue",ISFJ
,Yes,40s,M,anytime,daily,casual,black,
,Yes,10대,N,anytime,rarely,freestyle,"white,black,blue,yellow , orange",
,Yes,10대,M,evening,weekly,"casual,classic , suit,modern , chic","white,black,beige , brown",ISTP
,Yes,20s,F,morning,rarely,"casual,romantic , lovely","white,beige , brown,pink , coral",ENFJ
,Yes,40s,F,morning,daily,"casual,minimal , simple,vintage,sports,modern , chic","white,black,beige , brown",ISFJ
,Yes,10대,F,morning,weekly,"minimal , simple,romantic , lovely,vintage","white,beige , brown,green , mint",ENTJ
,Yes,50s,M,afternoon,rarely,casual,"white,beige , brown",INFJ
,Yes,40s,F,anytime,rarely,"casual,minimal , simple,vintage,sports","white,black,beige , brown",ISTJ
,Yes,30s,M,anytime,weekly,"casual,minimal , simple","white,black,beige , brown",
,Yes,40s,M,morning,weekly,casual,black,INFP
,Yes,20s,F,,none ,"casual,freestyle","white,black,red",ISTP
,Yes,20s,F,anytime,rarely,"casual,minimal , simple,romantic , lovely,freestyle","white,black,blue,pink , coral,purple",ISFP
,Yes,30s,F,anytime,rarely,"casual,minimal , simple,classic , suit,romantic , lovely,vintage,modern , chic,freestyle","white,black,beige , brown,blue,green , mint",INFP
,Yes,30s,F,anytime,daily,"classic , suit,romantic , lovely","white,pink , coral",ISTJ
,Yes,20s,M,morning,rarely,"casual,sports,freestyle","white,black,beige , brown,blue",ISTJ
,Yes,30s,M,anytime,rarely,casual,"black,beige , brown",ISFP
,Yes,20s,F,morning,weekly,vintage,"white,black,beige , brown,blue",INFP
,Yes,40s,M,anytime,rarely,casual,"black,pink , coral,red",INFP
,Yes,40s,M,morning,rarely,casual,"white,black",ENFJ
,Yes,50s,M,morning,daily,casual,"white,black,blue,green , mint",ENFJ
,Yes,50s,M,anytime,weekly,"casual,classic , suit","black,beige , brown",INTP
,Yes,20s,F,anytime,weekly,"minimal , simple,romantic , lovely","black,blue,pink , coral,red,green , mint,purple,yellow , orange",INFP
,Yes,40s,F,morning,rarely,"minimal , simple","beige , brown,pink , coral,yellow , orange",ENFJ
,Yes,30s,F,anytime,rarely,casual,"pink , coral,yellow , orange",INFJ
,Yes,10대,M,morning,rarely,casual,black,ENFP
,Yes,30s,F,morning,daily,"minimal , simple",white,INTP
,Yes,40s,M,morning,weekly,casual,white,ISTJ
,Yes,50s,M,anytime,rarely,"casual,freestyle","black,beige , brown",
,Yes,40s,F,anytime,rarely,casual,black,
,Yes,50s,F,morning,daily,casual,"beige , brown",
,Yes,20s,M,,none ,"classic , suit",black,INTJ
,Yes,20s,F,morning,daily,"minimal , simple,modern , chic","white,black",
,Yes,20s,F,morning,weekly,"casual,minimal , simple,romantic , lovely","white,beige , brown,green , mint,yellow , orange",INTP
,Yes,20s,F,morning,weekly,"minimal , simple","white,black",ISFP
,Yes,40s,M,morning,weekly,"minimal , simple,classic , suit","black,green , mint",ISTJ
,Yes,40s,M,morning,rarely,"casual,classic , suit","black,beige , brown",
,Yes,50s,M,morning,daily,casual,"pink , coral",
,Yes,30s,F,,rarely,"casual,minimal , simple","white,black",ISTJ
,Yes,40s,M,morning,rarely,casual,"white,black",INFJ
,Yes,50s,F,morning,weekly,"classic , suit","beige , brown",INFP
,Yes,40s,M,morning,daily,casual,"beige , brown",
,No,10대,M,,none ,"casual,minimal , simple","white,blue",ISTJ
,Yes,20s,M,morning,weekly,casual,black,ISTJ
,Yes,20s,F,morning,weekly,"casual,minimal , simple,freestyle","white,black",ISTP
,Yes,50s,M,afternoon,rarely,casual,black,
,Yes,30s,M,morning,daily,"street,classic , suit,sports","black,beige , brown",ESTP
,Yes,30s,F,anytime,rarely,"minimal , simple,romantic , lovely","white,beige , brown,pink , coral",ENTJ
,No,10대,F,,none ,"casual,minimal , simple","green , mint",
,Yes,30s,F,morning,daily,street,"pink , coral",
,Yes,20s,M,anytime,rarely,casual,black,ISFP
,Yes,30s,M,anytime,weekly,"romantic , lovely","pink , coral,red",
,Yes,20s,F,morning,daily,casual,"white,beige , brown",ENFP
,Yes,30s,F,anytime,seasonal,casual,"pink , coral",ISFP
,Yes,40s,F,,none ,"casual,freestyle","beige , brown",
,Yes,30s,F,anytime,weekly,casual,"white,beige , brown,blue,green , mint",ISFP
,Yes,30s,M,afternoon,weekly,street,black,ISFJ
,Yes,50s,F,morning,weekly,"minimal , simple","beige , brown",
,Yes,50s,F,anytime,seasonal,"casual,freestyle","black,blue,red",
,Yes,40s,M,morning,rarely,street,"white,blue,yellow , orange",ENTJ
,Yes,40s,M,morning,weekly,"minimal , simple","white,beige , brown",INTP
,Yes,20s,F,morning,rarely,"classic , suit,modern , chic","white,black,beige , brown,blue",ISTJ
,Yes,20s,M,anytime,rarely,"casual,street,modern , chic",black,INFJ
,Yes,40s,F,morning,daily,"minimal , simple,romantic , lovely","black,beige , brown",ISTJ
,Yes,40s,M,anytime,rarely,"casual,minimal , simple","black,beige , brown",ISTJ
,Yes,40s,M,afternoon,weekly,street,"beige , brown",INTJ
,Yes,20s,M,morning,rarely,"minimal , simple","white,black,beige , brown",ISTP
,Yes,30s,M,anytime,rarely,"casual,minimal , simple","white,beige , brown,blue,pink , coral,green , mint",ESFP
,Yes,50s,M,anytime,rarely,"casual,classic , suit","green , mint,purple",
,Yes,20s,M,anytime,rarely,"casual,minimal , simple,street","black,beige , brown,green , mint",INTJ
,Yes,50s,M,morning,daily,casual,"beige , brown,blue",ESTJ
,Yes,50s,F,morning,rarely,"minimal , simple,romantic , lovely","beige , brown",INFP
,Yes,30s,M,morning,daily,vintage,black,ISTJ
,Yes,20s,M,morning,rarely,"casual,classic , suit","white,black",ISTJ
,Yes,40s,F,morning,weekly,"casual,minimal , simple","white,green , mint",ISFJ
,Yes,40s,M,morning,daily,"modern , chic","beige , brown",
,Yes,30s,F,anytime,rarely,"casual,minimal , simple,modern , chic","white,beige , brown",INTJ
,Yes,40s,M,morning,rarely,"casual,minimal , simple,sports,modern , chic,freestyle","white,black,beige , brown",ISTJ
,Yes,40s,F,morning,daily,"minimal , simple,classic , suit,romantic , lovely","white,black,pink , coral",INFP
,Yes,20s,F,morning,weekly,"casual,sports","black,beige , brown",
,Yes,30s,M,anytime,rarely,"casual,minimal , simple,street,freestyle","white,black,beige , brown,그레이계열",INFJ
,Yes,20s,M,morning,daily,casual,"white,black",ESFP
,Yes,40s,F,morning,rarely,"casual,minimal , simple","white,black,beige , brown,blue,pink , coral",INFJ
,Yes,30s,F,afternoon,weekly,"casual,minimal , simple,street,modern , chic","white,black,purple",INFP
,Yes,30s,F,anytime,daily,"casual,street","white,black,beige , brown",ISFJ
,Yes,20s,F,anytime,rarely,"casual,minimal , simple,freestyle","white,black,beige , brown",INFP
,Yes,40s,M,evening,rarely,casual,"white,black,beige , brown",
,Yes,20s,F,anytime,daily,"classic , suit,romantic , lovely,modern , chic","white,black,beige , brown,pink , coral",ISTJ
,Yes,30s,F,morning,seasonal,casual,"pink , coral",INFJ
,Yes,40s,M,evening,rarely,street,black,INFJ
,Yes,50s,F,morning,weekly,"casual,modern , chic,freestyle","black,blue",
,Yes,30s,F,morning,weekly,"casual,romantic , lovely","beige , brown,green , mint",INTP
,Yes,40s,M,morning,weekly,"minimal , simple",black,
,Yes,40s,F,morning,daily,casual,"white,black,pink , coral",ENFJ
,Yes,40s,M,anytime,rarely,"casual,minimal , simple,sports","beige , brown",INTP
,Yes,30s,F,anytime,daily,"casual,minimal , simple,street","black,beige , brown",ESTJ
,Yes,40s,M,morning,weekly,casual,"white,black,red",ENTJ
,Yes,30s,F,afternoon,daily,"minimal , simple,romantic , lovely,modern , chic,freestyle","white,black,blue,yellow , orange",ENFJ
,Yes,30s,F,morning,weekly,casual,"white,blue,purple",ISFP
,Yes,40s,M,anytime,rarely,"casual,freestyle","white,black,beige , brown,blue",
,Yes,40s,M,evening,rarely,"casual,street,modern , chic","white,black,beige , brown,blue,pink , coral,green , mint",
,Yes,40s,F,morning,daily,"classic , suit","white,black,beige , brown",ISTJ
,Yes,30s,M,morning,weekly,vintage,black,
,Yes,20s,F,morning,daily,"minimal , simple,romantic , lovely,modern , chic","beige , brown,pink , coral,green , mint",INFJ
,Yes,40s,M,anytime,rarely,casual,"white,blue",
,Yes,30s,F,,none ,"minimal , simple",white,
,Yes,20s,F,morning,rarely,casual,"black,green , mint",INFJ
,Yes,40s,M,morning,daily,casual,"black,blue",
,Yes,30s,M,anytime,rarely,"casual,minimal , simple","black,beige , brown,blue,purple",INTJ
,Yes,40s,F,morning,daily,"modern , chic",black,INFP
,Yes,40s,N,anytime,weekly,"minimal , simple,classic , suit,romantic , lovely,freestyle","white,black,beige , brown,blue,pink , coral,yellow , orange",INFP
,Yes,20s,F,morning,weekly,"casual,minimal , simple","white,black,beige , brown",ISTJ
,Yes,20s,F,anytime,rarely,"classic , suit,modern , chic","white,black",INFP
,Yes,40s,F,morning,weekly,"casual,minimal , simple","white,black,beige , brown",
,Yes,40s,F,morning,rarely,"casual,street,vintage,sports,freestyle","white,black,beige , brown,blue,green , mint,purple",ESTP
,Yes,40s,M,,none ,sports,black,
,Yes,30s,F,anytime,rarely,"casual,classic , suit,sports","white,black,blue",ISTJ
,Yes,40s,F,morning,daily,"casual,classic , suit,romantic , lovely,modern , chic","white,black,blue,pink , coral,purple",ENFP
,Yes,40s,F,morning,daily,"minimal , simple","white,green , mint,yellow , orange",ENTP
,Yes,30s,M,morning,weekly,"minimal , simple","beige , brown,blue",ENTJ
,No,20s,M,,none ,casual,"white,black",ISFJ
,Yes,30s,F,morning,daily,"modern , chic","black,pink , coral,red",ESFJ
,Yes,30s,F,,none ,"casual,minimal , simple,street,freestyle","white,pink , coral",INFP
,Yes,50s,F,morning,weekly,"casual,modern , chic","green , mint",ISTJ
,Yes,30s,M,morning,daily,casual,"white,black",INFP
,Yes,30s,F,anytime,weekly,"casual,minimal , simple,street,freestyle","white,black,blue,green , mint,purple",INFJ
,Yes,50s,M,,none ,casual,"blue,green , mint",INTJ
,Yes,30s,M,,none ,casual,black,ISTJ
,Yes,40s,F,morning,weekly,"classic , suit","pink , coral",ISTP
,Yes,50s,F,afternoon,rarely,"casual,minimal , simple","white,black,beige , brown,blue",
,Yes,20s,M,morning,weekly,casual,blue,INFP
,Yes,20s,F,anytime,rarely,"casual,minimal , simple","white,black",ISFP
,Yes,20s,F,afternoon,rarely,"casual,sports,modern , chic","black,yellow , orange",INFP
,Yes,40s,F,morning,weekly,"casual,minimal , simple",black,INTP
,Yes,30s,F,morning,seasonal,"casual,minimal , simple",white,
,No,20s,M,,none ,casual,"white,black,beige , brown",
,Yes,20s,F,morning,daily,"casual,street,vintage,sports","beige , brown,pink , coral,red",INFP
,Yes,20s,F,morning,rarely,"minimal , simple","white,black,beige , brown,blue",
,Yes,10대,M,anytime,rarely,casual,"beige , brown",ISTP
,Yes,40s,M,morning,rarely,casual,"white,black,beige , brown",ISTP
,Yes,30s,M,morning,rarely,"casual,minimal , simple,classic , suit","black,beige , brown",ISTP
,Yes,30s,F,anytime,weekly,casual,"white,black,beige , brown",ESFJ
,Yes,30s,F,morning,daily,"casual,minimal , simple","white,black",INFP
,Yes,30s,M,afternoon,rarely,"casual,sports,freestyle","white,black,blue,green , mint",
,Yes,20s,M,morning,weekly,"casual,modern , chic","black,blue,green , mint",ENTJ
,Yes,10대,M,morning,daily,"minimal , simple","white,black",ISTP
,Yes,20s,F,anytime,rarely,"casual,romantic , lovely,vintage,modern , chic","white,black",ENTJ
,Yes,40s,F,morning,weekly,"modern , chic","white,black,beige , brown",ENTJ
,Yes,40s,M,morning,weekly,"casual,vintage","white,black,beige , brown",INTP
,Yes,30s,M,morning,rarely,"casual,classic , suit,modern , chic","black,beige , brown,blue",ENTP
,Yes,30s,F,morning,rarely,casual,"white,beige , brown",INTP
,Yes,20s,F,anytime,rarely,"casual,minimal , simple,freestyle","white,blue,green , mint,purple",
,Yes,20s,M,morning,weekly,casual,black,ENFJ
,Yes,30s,F,morning,rarely,"minimal , simple,classic , suit,modern , chic","beige , brown,pink , coral",INFJ
,Yes,20s,F,morning,rarely,"casual,street","white,blue",INFP
,Yes,10대,F,morning,weekly,"minimal , simple,romantic , lovely","white,black",ENFJ
,Yes,20s,M,morning,weekly,"casual,modern , chic,freestyle","blue,green , mint",
,Yes,30s,M,morning,weekly,casual,black,INTP
,Yes,20s,M,anytime,rarely,"casual,minimal , simple","white,black,딥그레이",ISTP
,No,50s,F,,none ,"minimal , simple","green , mint",INTJ
,Yes,20s,F,morning,rarely,"minimal , simple,romantic , lovely","white,pink , coral,green , mint",ISTP
,Yes,30s,F,morning,weekly,"casual,street","white,green , mint",ISFP
,Yes,40s,F,morning,weekly,"classic , suit,romantic , lovely","white,black",ENFJ
,Yes,20s,M,afternoon,rarely,casual,"black,beige , brown",ISTP
,Yes,30s,F,morning,daily,"romantic , lovely","yellow , orange",ISFP
,Yes,20s,F,morning,weekly,casual,"white,black,beige , brown,green , mint",INTP
,Yes,30s,F,morning,daily,"minimal , simple",purple,ISFJ
,Yes,30s,F,anytime,rarely,"casual,minimal , simple,freestyle","white,black,pink , coral,purple",ISFP
,Yes,30s,F,morning,rarely,casual,"white,black,pink , coral,purple",ISFP
,Yes,50s,M,morning,rarely,casual,"white,beige , brown,red",istp
,Yes,40s,F,morning,weekly,"classic , suit,modern , chic","black,beige , brown",ISTJ
,Yes,50s,M,morning,rarely,casual,"beige , brown",
,Yes,40s,M,afternoon,rarely,"casual,classic , suit,freestyle",white,ISFJ
,Yes,30s,M,anytime,rarely,casual,"white,black,blue",ISFJ
,Yes,50s,M,morning,weekly,"classic , suit,romantic , lovely","beige , brown",INFJ
,Yes,40s,M,morning,weekly,"classic , suit","black,blue,yellow , orange",ENTJ
,Yes,30s,M,anytime,daily,freestyle,"white,black",ISTJ
,Yes,30s,M,morning,seasonal,casual,"beige , brown,blue",
,Yes,30s,M,morning,rarely,"casual,minimal , simple","white,black,beige , brown",ISTJ
,Yes,20s,N,morning,seasonal,"minimal , simple,modern , chic","white,blue,green , mint",INTP
,Yes,30s,F,anytime,rarely,casual,"white,black",INFP
,Yes,40s,F,morning,rarely,"casual,minimal , simple,romantic , lovely","white,green , mint",INFJ
,Yes,30s,F,morning,weekly,"casual,minimal , simple","white,blue",ISFJ
,Yes,20s,F,morning,weekly,"romantic , lovely","white,pink , coral",ESFJ
,Yes,20s,F,anytime,daily,"romantic , lovely,freestyle","white,black",INFP
,Yes,50s,F,morning,weekly,"minimal , simple,sports","black,blue",
,Yes,30s,M,morning,rarely,"minimal , simple",white,INFP
,Yes,40s,M,morning,weekly,"minimal , simple,freestyle","black,beige , brown",
,Yes,20s,M,morning,rarely,"casual,street","white,black",ENTP
,Yes,30s,F,anytime,daily,"minimal , simple,modern , chic","white,black,beige , brown,blue",ISTJ
,Yes,20s,F,afternoon,daily,casual,black,ISTP
,Yes,20s,F,morning,weekly,casual,white,
,Yes,30s,F,morning,weekly,street,purple,
,Yes,20s,F,morning,weekly,casual,"white,black,beige , brown,blue,pink , coral,green , mint,yellow , orange",ISFJ
,Yes,40s,M,morning,rarely,"casual,minimal , simple","white,black,beige , brown",ESTJ
,Yes,40s,F,morning,rarely,casual,black,
,Yes,20s,F,morning,weekly,"classic , suit","white,black,pink , coral",ISTP
,Yes,30s,M,,seasonal,casual,"beige , brown,blue",INTP
,Yes,20s,F,morning,rarely,"casual,street,sports","white,black,beige , brown,red",INTP
,Yes,50s,M,afternoon,rarely,casual,blue,
,No,20s,M,,none ,"minimal , simple",white,
,Yes,20s,F,morning,daily,"casual,romantic , lovely","white,beige , brown",
,Yes,40s,F,afternoon,daily,freestyle,"pink , coral,green , mint,purple",INTJ
,Yes,40s,M,evening,rarely,"classic , suit",black,
,Yes,30s,F,afternoon,weekly,"casual,minimal , simple,freestyle","white,black,green , mint,purple",INTJ
,Yes,30s,F,afternoon,rarely,"minimal , simple","green , mint",
,Yes,50s,F,anytime,seasonal,"romantic , lovely,modern , chic","green , mint,purple",
,Yes,20s,M,anytime,weekly,"casual,sports","white,beige , brown",
,Yes,50s,M,anytime,rarely,"minimal , simple","black,blue",
,Yes,20s,F,morning,rarely,"casual,modern , chic,freestyle","white,black,pink , coral",ISTP
,Yes,20s,F,morning,rarely,"casual,sports,freestyle","white,blue",ENFP
,Yes,30s,M,afternoon,weekly,"casual,minimal , simple,sports,freestyle","white,black,beige , brown,blue",ESTJ
,Yes,10대,F,anytime,weekly,"casual,minimal , simple","white,beige , brown,green , mint",ESTJ
,Yes,30s,F,anytime,rarely,"romantic , lovely","pink , coral",
,Yes,30s,M,evening,rarely,casual,"beige , brown",ISFJ
,Yes,40s,M,morning,rarely,"casual,minimal , simple","white,blue",ENTP
,Yes,40s,M,morning,daily,"casual,sports","white,blue,green , mint",INFP
,Yes,40s,F,morning,daily,"casual,minimal , simple,freestyle","white,black,beige , brown",ISFJ
,Yes,30s,F,anytime,rarely,freestyle,"white,black,beige , brown,blue,pink , coral,red,green , mint,purple,yellow , orange",ISFP
,Yes,30s,M,morning,daily,casual,black,ENTJ
,Yes,50s,M,morning,daily,casual,"beige , brown",
,Yes,20s,F,morning,rarely,"casual,minimal , simple","white,black",INFP
,Yes,20s,F,,none ,casual,"white,black,blue",
,Yes,30s,F,morning,weekly,"casual,minimal , simple,classic , suit","white,black,beige , brown,green , mint",ESFJ
,Yes,40s,M,morning,rarely,casual,"beige , brown,blue",INTJ
,Yes,40s,M,anytime,rarely,"casual,minimal , simple,modern , chic","black,beige , brown,카키",ISFP
,Yes,20s,F,morning,rarely,"casual,romantic , lovely,modern , chic","white,pink , coral,yellow , orange",ESFJ
,Yes,30s,F,anytime,daily,casual,"blue,green , mint",INFP
,Yes,40s,F,afternoon,rarely,"minimal , simple,classic , suit","beige , brown,pink , coral",INFJ
,Yes,50s,F,anytime,daily,"casual,sports,modern , chic","white,black,pink , coral,green , mint",
,Yes,30s,M,morning,weekly,casual,"beige , brown",ENTJ
,Yes,30s,F,morning,weekly,"classic , suit","beige , brown",ENTJ
,Yes,20s,M,anytime,rarely,casual,black,ENFP
,Yes,40s,F,afternoon,seasonal,"casual,classic , suit","white,black",ISFJ
,Yes,40s,M,morning,daily,casual,"white,black",INFP
,Yes,30s,M,morning,weekly,casual,"white,beige , brown,blue",
,Yes,30s,M,morning,rarely,casual,black,INTP
,Yes,20s,M,morning,rarely,"casual,street",white,
,Yes,20s,M,morning,rarely,"minimal , simple","white,beige , brown,pink , coral",INFP
,Yes,40s,M,morning,weekly,casual,blue,ISFP
,Yes,40s,M,evening,rarely,street,"white,beige , brown",INFJ
,Yes,30s,M,anytime,rarely,casual,"white,black,beige , brown",INFJ
,Yes,20s,M,morning,weekly,casual,"white,black,beige , brown,green , mint",INTJ
,Yes,20s,F,morning,weekly,freestyle,"white,black,beige , brown,blue",INTJ
,Yes,30s,F,,none ,freestyle,"black,blue,red,purple",INFJ
,Yes,30s,M,morning,daily,"casual,classic , suit","white,black",ISFJ
,Yes,20s,F,afternoon,rarely,"minimal , simple,classic , suit,sports","black,beige , brown,pink , coral,red",ENTJ
,Yes,50s,F,morning,weekly,casual,"white,black,blue",INTP
,Yes,40s,F,morning,rarely,sports,"blue,red",ENFP
,Yes,50s,M,morning,weekly,casual,black,
,Yes,20s,F,morning,rarely,freestyle,"yellow , orange",ENFP
,Yes,50s,F,morning,daily,"casual,minimal , simple","white,black,beige , brown,green , mint",
,Yes,30s,M,afternoon,weekly,sports,"beige , brown",ESFJ
,Yes,10대,F,anytime,seasonal,"casual,minimal , simple","black,beige , brown",INFP
,Yes,40s,M,afternoon,rarely,casual,black,INTP
,Yes,20s,F,morning,weekly,"minimal , simple","white,beige , brown,pink , coral",INFP
,Yes,20s,F,morning,weekly,freestyle,"white,beige , brown,pink , coral",INTJ
,Yes,50s,F,morning,rarely,casual,"white,black,beige , brown",ESFJ
,Yes,30s,F,morning,seasonal,"casual,modern , chic","white,black,beige , brown",ESTP
,Yes,10대,F,anytime,rarely,"casual,sports","white,black,pink , coral",ENFP
,Yes,40s,M,morning,daily,casual,black,ISFP
,Yes,30s,F,anytime,daily,"casual,freestyle","white,beige , brown,pink , coral",ESTP
,Yes,40s,F,morning,rarely,"casual,minimal , simple,modern , chic","white,black,beige , brown",INTP
,Yes,50s,M,morning,daily,"casual,sports","blue,green , mint,yellow , orange",
,Yes,20s,F,morning,rarely,"minimal , simple","white,beige , brown,pink , coral,green , mint",ISFJ
,Yes,20s,F,morning,rarely,"minimal , simple","white,black,beige , brown",ISFP
,Yes,40s,M,anytime,daily,"casual,minimal , simple","black,blue,purple",INFJ
,No,50s,M,,none ,freestyle,"beige , brown,blue",
,Yes,30s,F,morning,rarely,casual,black,
,Yes,20s,M,anytime,rarely,"minimal , simple,romantic , lovely","white,black,purple",ESTJ
,Yes,30s,F,morning,daily,casual,"black,green , mint",ENFJ
,Yes,30s,M,morning,weekly,"casual,street","beige , brown",
,Yes,20s,F,afternoon,rarely,casual,white,ISTP
,Yes,20s,F,morning,seasonal,"casual,vintage","black,blue",INFJ
,Yes,30s,F,morning,rarely,casual,black,INFJ
,Yes,30s,M,morning,daily,"minimal , simple","white,black",ISTJ
,Yes,30s,F,morning,seasonal,"casual,minimal , simple","beige , brown",ISFJ
,Yes,40s,F,morning,daily,"modern , chic","white,blue,green , mint",INFP
,Yes,50s,M,anytime,weekly,street,"pink , coral",
,Yes,40s,F,anytime,daily,"minimal , simple,modern , chic","black,beige , brown,카키",
,Yes,30s,M,morning,weekly,"classic , suit","beige , brown",ISFJ
,Yes,50s,M,morning,daily,"classic , suit","white,beige , brown",ESTJ
,Yes,40s,M,morning,rarely,casual,"white,black",ENTJ
,Yes,10대,F,anytime,rarely,"casual,freestyle","white,black",ISFP
,Yes,20s,F,morning,rarely,"minimal , simple","white,blue",ISFP
,Yes,40s,M,afternoon,rarely,casual,"white,black",ISTJ
,Yes,30s,F,morning,weekly,casual,blue,INFP
,Yes,40s,F,anytime,weekly,"casual,freestyle","white,pink , coral,purple",ISTJ
,Yes,20s,F,anytime,rarely,"casual,modern , chic,freestyle",black,ISFP
,Yes,20s,F,morning,weekly,"casual,minimal , simple","white,black",
,Yes,50s,M,anytime,rarely,"minimal , simple",black,
,Yes,20s,F,anytime,weekly,"casual,minimal , simple",black,ISTJ
,Yes,40s,M,anytime,daily,freestyle,"white,black,beige , brown,pink , coral",INTJ
,Yes,50s,F,anytime,daily,casual,"black,yellow , orange",ISFP
,Yes,50s,M,morning,seasonal,casual,"beige , brown",
,Yes,10대,M,morning,rarely,"casual,minimal , simple","beige , brown",ESTP
,Yes,20s,F,morning,rarely,"casual,minimal , simple,freestyle","white,black,beige , brown",INTJ
,Yes,20s,F,anytime,rarely,casual,"white,black",INFP
,Yes,40s,M,anytime,weekly,"casual,minimal , simple","white,green , mint",ENFJ
,Yes,50s,F,morning,weekly,casual,"black,beige , brown",
,Yes,10대,F,,none ,vintage,"white,black,beige , brown,blue,red",iNFP
,Yes,50s,F,,none ,"casual,minimal , simple","yellow , orange",
,Yes,20s,N,anytime,weekly,casual,"black,beige , brown",INFP
,Yes,30s,M,morning,weekly,"casual,classic , suit","black,beige , brown,blue",ISFP
,Yes,20s,F,anytime,weekly,"minimal , simple",white,ENTJ
,Yes,40s,M,anytime,rarely,"minimal , simple,classic , suit,sports","beige , brown,yellow , orange",
,Yes,20s,F,,none ,casual,white,INFP
,Yes,30s,F,afternoon,daily,"minimal , simple",white,ISFP
,Yes,20s,F,morning,weekly,casual,"green , mint",INFP
,Yes,30s,F,anytime,rarely,"casual,minimal , simple","black,beige , brown,blue",ISTJ
,Yes,30s,F,afternoon,rarely,"casual,minimal , simple,romantic , lovely,vintage,freestyle","pink , coral,purple,yellow , orange",INFP
,Yes,30s,F,anytime,weekly,"minimal , simple,romantic , lovely","beige , brown,pink , coral",lSFP
,Yes,40s,F,morning,rarely,"casual,romantic , lovely","white,black,beige , brown",ISTJ
,Yes,30s,M,evening,rarely,casual,"green , mint",ENFP
,Yes,30s,F,morning,daily,casual,"white,black,beige , brown",ESTJ
,No,10대,M,,none ,"casual,freestyle","white,black,blue,pink , coral,green , mint,purple,yellow , orange",INFP
,Yes,50s,M,anytime,rarely,freestyle,"white,black",ISTP
,Yes,30s,F,morning,weekly,"casual,minimal , simple","white,black,beige , brown,green , mint",INFP
,Yes,20s,N,anytime,daily,"casual,classic , suit","white,blue",ISFP
,Yes,30s,M,morning,rarely,casual,white,ENFJ
,Yes,30s,F,,none ,"casual,minimal , simple","white,black,beige , brown",ISTJ
,Yes,20s,F,morning,rarely,"minimal , simple",white,INFJ
,Yes,40s,F,morning,rarely,"casual,sports","black,blue",
,Yes,30s,F,morning,rarely,"minimal , simple",white,ISFP
,Yes,20s,F,anytime,rarely,freestyle,"pink , coral,green , mint",INFP
,Yes,50s,F,morning,rarely,"minimal , simple",purple,
,Yes,10대,M,morning,daily,"minimal , simple,street","white,beige , brown,green , mint",ENFP
,Yes,50s,M,morning,weekly,"casual,freestyle","white,black",
,Yes,40s,F,morning,daily,"minimal , simple,modern , chic","white,black",ISTP
,Yes,30s,M,,weekly,"minimal , simple","beige , brown",
,Yes,20s,F,morning,rarely,"romantic , lovely","white,black,pink , coral",INFP
,Yes,20s,M,anytime,rarely,"minimal , simple,sports","black,beige , brown",INTP
,Yes,30s,F,morning,seasonal,freestyle,"white,black,beige , brown,pink , coral",ISFJ
,Yes,30s,F,morning,daily,"romantic , lovely,sports,modern , chic","white,beige , brown,blue,pink , coral,green , mint,purple,yellow , orange",
,Yes,40s,M,morning,rarely,casual,"black,beige , brown",INFP
,Yes,40s,F,anytime,daily,"casual,romantic , lovely","pink , coral",ISTJ
,Yes,50s,M,afternoon,rarely,casual,"white,beige , brown",
,Yes,40s,F,morning,weekly,casual,"white,black",INFP
,Yes,50s,M,morning,daily,"casual,minimal , simple,street","beige , brown,blue",
,Yes,20s,F,,none ,"casual,minimal , simple,classic , suit,vintage,sports,modern , chic,freestyle","white,black,beige , brown,pink , coral,green , mint,purple,yellow , orange",ENTJ
,Yes,30s,M,morning,daily,casual,black,ISFJ
,Yes,30s,F,morning,weekly,"casual,freestyle","white,pink , coral",ISFP
,Yes,20s,F,anytime,rarely,"casual,sports,modern , chic,freestyle","white,black,blue,pink , coral",INTP
,Yes,30s,F,anytime,rarely,freestyle,"black,blue,pink , coral,red",ESTP
,Yes,40s,M,morning,daily,"minimal , simple",red,INFP
,Yes,20s,F,morning,weekly,"casual,minimal , simple",black,INFP
,Yes,30s,F,morning,rarely,"casual,classic , suit,sports","black,beige , brown",ISTJ
,Yes,10대,F,morning,rarely,"casual,minimal , simple","white,blue,green , mint,yellow , orange",ISTP
,Yes,40s,F,morning,daily,"minimal , simple,street,modern , chic","white,beige , brown,pink , coral",INTP
,Yes,30s,F,morning,daily,"minimal , simple","white,black,beige , brown",ESTJ
,Yes,50s,M,afternoon,rarely,casual,"black,beige , brown",INFP
,Yes,30s,M,morning,rarely,"casual,classic , suit",black,INFP
,Yes,30s,F,,none ,casual,black,
,Yes,30s,F,afternoon,rarely,freestyle,"black,beige , brown,pink , coral,green , mint",INFJ
,Yes,20s,F,morning,rarely,"romantic , lovely,freestyle","white,black,pink , coral",ESTJ
,Yes,40s,M,morning,weekly,"casual,minimal , simple","white,beige , brown",ESTP
,Yes,30s,F,morning,rarely,"casual,romantic , lovely","pink , coral,yellow , orange",
,Yes,30s,F,,none ,"minimal , simple,freestyle","white,black,beige , brown",ESFJ
,Yes,40s,M,morning,rarely,freestyle,"white,beige , brown",
,Yes,40s,M,morning,rarely,"street,classic , suit,romantic , lovely","beige , brown,pink , coral,red,green , mint",INFJ
,Yes,10대,F,morning,weekly,"classic , suit,sports","white,black,beige , brown,blue",INTJ
,Yes,40s,M,morning,daily,"casual,classic , suit","white,beige , brown",ENFJ
,Yes,30s,F,anytime,rarely,"casual,minimal , simple,vintage,sports,freestyle","white,black,beige , brown",ENTP
,Yes,30s,M,morning,weekly,"classic , suit",blue,ENFJ
,Yes,20s,F,anytime,weekly,"minimal , simple","green , mint,purple,yellow , orange",ISFP
,Yes,10대,F,morning,rarely,"casual,vintage","black,blue",ISTP
,Yes,30s,F,morning,weekly,casual,black,ENTP
,Yes,30s,F,morning,rarely,"romantic , lovely",white,ISTP
,Yes,50s,M,morning,daily,"romantic , lovely,modern , chic","beige , brown",ESTJ
,Yes,50s,M,morning,rarely,casual,"beige , brown,blue",INTJ
,Yes,30s,M,morning,daily,"casual,modern , chic","white,black,blue,red",ENFP
,Yes,20s,F,anytime,rarely,"romantic , lovely","pink , coral",ENFJ
,Yes,40s,M,morning,daily,"casual,freestyle","white,black,blue,green , mint",INTJ
,Yes,40s,M,evening,rarely,casual,"black,purple",ENFP
,Yes,40s,F,morning,weekly,"minimal , simple","black,beige , brown,blue",
,Yes,20s,F,,weekly,street,"black,green , mint,purple",ISTP
,Yes,30s,F,morning,weekly,"vintage,freestyle","white,black,beige , brown,green , mint",INFP
,Yes,40s,M,morning,daily,"romantic , lovely",white,ENFP
,Yes,30s,F,afternoon,weekly,"minimal , simple","white,black,beige , brown,blue,pink , coral,red",ISFJ
,Yes,20s,F,afternoon,weekly,"street,romantic , lovely,freestyle","white,black,pink , coral",ENFP
,Yes,20s,M,morning,weekly,"casual,sports,freestyle",black,INFJ
,Yes,20s,M,morning,daily,"minimal , simple","white,black,blue",INFJ
,Yes,40s,M,morning,weekly,casual,"black,green , mint",ENTP
,Yes,30s,F,anytime,rarely,"casual,minimal , simple,modern , chic","white,black,beige , brown,blue,pink , coral,red",
,Yes,30s,F,anytime,seasonal,"casual,minimal , simple",black,ISTJ
,Yes,50s,F,anytime,weekly,"casual,vintage,freestyle","white,pink , coral,purple",INFP
